{
    "real-estate-data": {
      "listings": [
        {
          "property_id": 1,
          "property_type": "Flat",
          "address": "9 Longview Street",
          "city": "Delhi",
          "postal_code": null,
          "price": 417131.89,
          "rent_price" : 10000,
          "square_footage": 3404,
          "year_built": 1952,
          "description": "Aenean lectus. Pellentesque eget nunc. Donec quis orci eget orci vehicula condimentum.\n\nCurabitur in libero ut massa volutpat convallis. Morbi odio odio, elementum eu, interdum eu, tincidunt in, leo. Maecenas pulvinar lobortis est.\n\nPhasellus sit amet erat. Nulla tempus. Vivamus in felis eu sapien cursus vestibulum.",
          "listing_date": "8/11/2022",
          "property_name": "Hamill-Quigley",
          "property_image":"https://static.99acres.com/universalhp/img/d_hp_property_type_1.webp"
        },
        {
          "property_id": 102,
          "property_type": "Bunglow",
          "address": "9 Longview Street",
          "city": "Delhi",
          "postal_code": null,
          "price": 4017131.89,
          "rent_price" : 8000,
          "square_footage": 3404,
          "year_built": 1952,
          "description": "Aenean lectus. Pellentesque eget nunc. Donec quis orci eget orci vehicula condimentum.\n\nCurabitur in libero ut massa volutpat convallis. Morbi odio odio, elementum eu, interdum eu, tincidunt in, leo. Maecenas pulvinar lobortis est.\n\nPhasellus sit amet erat. Nulla tempus. Vivamus in felis eu sapien cursus vestibulum.",
          "listing_date": "8/11/2022",
          "property_name": "Hamill-Quigley",
          "property_image":"https://static.99acres.com/universalhp/img/d_hp_property_type_22.webp"

        },
        {
          "property_id": 2,
          "property_type": "Bunglow",
          "address": "6 Autumn Leaf Avenue",
          "city": "Bhopal",
          "postal_code": "3252",
          "price": 494003.59,
          "rent_price" : 10000,
          "square_footage": 2419,
          "year_built": 1912,
          "description": "Integer tincidunt ante vel ipsum. Praesent blandit lacinia erat. Vestibulum sed magna at nunc commodo placerat.\n\nPraesent blandit. Nam nulla. Integer pede justo, lacinia eget, tincidunt eget, tempus vel, pede.\n\nMorbi porttitor lorem id ligula. Suspendisse ornare consequat lectus. In est risus, auctor sed, tristique in, tempus sit amet, sem.",
          "listing_date": "12/4/2022",
          "property_name": "Balistreri LLC",
          "property_image":"https://static.99acres.com/universalhp/img/d_hp_property_type_5.webp"

        },
        {
          "property_id": 3,
          "property_type": "Bunglow",
          "address": "381 Sage Circle",
          "city": "Indore",
          "postal_code": "2710-200",
          "price": 302500.15,
          "rent_price" : 6500,
          "square_footage": 4485,
          "year_built": 1948,
          "description": "Sed ante. Vivamus tortor. Duis mattis egestas metus.\n\nAenean fermentum. Donec ut mauris eget massa tempor convallis. Nulla neque libero, convallis eget, eleifend luctus, ultricies eu, nibh.\n\nQuisque id justo sit amet sapien dignissim vestibulum. Vestibulum ante ipsum primis in faucibus orci luctus et ultrices posuere cubilia Curae; Nulla dapibus dolor vel est. Donec odio justo, sollicitudin ut, suscipit a, feugiat et, eros.",
          "listing_date": "11/4/2022",
          "property_name": "Jacobson, Adams and Mante",
          "property_image":"https://static.99acres.com/universalhp/img/d_hp_property_type_90.webp"

        },
        {
          "property_id": 5,
          "property_type": "Residential",
          "address": "49 Lake View Place",
          "city": "Indore",
          "postal_code": null,
          "price": 128581.9,
          "rent_price" : 9500,
          "square_footage": 3997,
          "year_built": 1996,
          "description": "Morbi porttitor lorem id ligula. Suspendisse ornare consequat lectus. In est risus, auctor sed, tristique in, tempus sit amet, sem.\n\nFusce consequat. Nulla nisl. Nunc nisl.\n\nDuis bibendum, felis sed interdum venenatis, turpis enim blandit mi, in porttitor pede justo eu massa. Donec dapibus. Duis at velit eu est congue elementum.",
          "listing_date": "5/7/2022",
          "property_name": "Reynolds-Doyle",
          "property_image":"https://static.99acres.com/universalhp/img/d_hp_property_type_3.webp"

        },
        {
          "property_id": 6,
          "property_type": "Commercial",
          "address": "20706 Vahlen Drive",
          "city": "Lucknow",
          "postal_code": "175323",
          "price": 320774.37,
          "rent_price" : 12000,
          "square_footage": 1695,
          "year_built": 1947,
          "description": "Maecenas tristique, est et tempus semper, est quam pharetra magna, ac consequat metus sapien ut nunc. Vestibulum ante ipsum primis in faucibus orci luctus et ultrices posuere cubilia Curae; Mauris viverra diam vitae quam. Suspendisse potenti.\n\nNullam porttitor lacus at turpis. Donec posuere metus vitae ipsum. Aliquam non mauris.\n\nMorbi non lectus. Aliquam sit amet diam in magna bibendum imperdiet. Nullam orci pede, venenatis non, sodales sed, tincidunt eu, felis.",
          "listing_date": "3/22/2022",
          "property_name": "Harvey Inc",
          "property_image":"https://static.99acres.com/universalhp/img/d_hp_property_type_2.webp"

        },
        {
          "property_id": 7,
          "property_type": "Commercial",
          "address": "329 Raven Trail",
          "city": "Lucknow",
          "postal_code": "83174 CEDEX",
          "price": 305544.33,
          "rent_price" : 5000,
          "square_footage": 3009,
          "year_built": 1954,
          "description": "In quis justo. Maecenas rhoncus aliquam lacus. Morbi quis tortor id nulla ultrices aliquet.\n\nMaecenas leo odio, condimentum id, luctus nec, molestie sed, justo. Pellentesque viverra pede ac diam. Cras pellentesque volutpat dui.\n\nMaecenas tristique, est et tempus semper, est quam pharetra magna, ac consequat metus sapien ut nunc. Vestibulum ante ipsum primis in faucibus orci luctus et ultrices posuere cubilia Curae; Mauris viverra diam vitae quam. Suspendisse potenti.",
          "listing_date": "9/20/2022",
          "property_name": "Douglas-Glover",
          "property_image":"https://static.99acres.com/universalhp/img/d_hp_property_type_1.webp"

                },
        {
          "property_id": 8,
          "property_type": "Shop",
          "address": "83609 Sheridan Park",
          "city": "Noida",
          "postal_code": "34-331",
          "price": 358663.88,
          "rent_price" : 11500,
          "square_footage": 1312,
          "year_built": 1978,
          "description": "Duis aliquam convallis nunc. Proin at turpis a pede posuere nonummy. Integer non velit.\n\nDonec diam neque, vestibulum eget, vulputate ut, ultrices vel, augue. Vestibulum ante ipsum primis in faucibus orci luctus et ultrices posuere cubilia Curae; Donec pharetra, magna vestibulum aliquet ultrices, erat tortor sollicitudin mi, sit amet lobortis sapien sapien non mi. Integer ac neque.\n\nDuis bibendum. Morbi non quam nec dui luctus rutrum. Nulla tellus.",
          "listing_date": "11/26/2022",
          "property_name": "Bosco Group",
          "property_image":"https://static.99acres.com/universalhp/img/d_hp_property_type_22.webp"

        },
        {
          "property_id": 108,
          "property_type": "Shop",
          "address": "83609 Sheridan Park",
          "city": "Noida",
          "postal_code": "34-331",
          "price": 358663.88,
          "rent_price" : 13000,
          "square_footage": 1312,
          "year_built": 1978,
          "description": "Duis aliquam convallis nunc. Proin at turpis a pede posuere nonummy. Integer non velit.\n\nDonec diam neque, vestibulum eget, vulputate ut, ultrices vel, augue. Vestibulum ante ipsum primis in faucibus orci luctus et ultrices posuere cubilia Curae; Donec pharetra, magna vestibulum aliquet ultrices, erat tortor sollicitudin mi, sit amet lobortis sapien sapien non mi. Integer ac neque.\n\nDuis bibendum. Morbi non quam nec dui luctus rutrum. Nulla tellus.",
          "listing_date": "11/26/2022",
          "property_name": "Bosco Group",
          "property_image":"https://static.99acres.com/universalhp/img/d_hp_property_type_5.webp"

        },
        {
          "property_id": 9,
          "property_type": "House",
          "address": "86 Sage Alley",
          "city": "Gurgaon",
          "postal_code": "4302",
          "price": 137708.28,
          "rent_price" : 4500,
          "square_footage": 1671,
          "year_built": 1906,
          "description": "In hac habitasse platea dictumst. Etiam faucibus cursus urna. Ut tellus.\n\nNulla ut erat id mauris vulputate elementum. Nullam varius. Nulla facilisi.\n\nCras non velit nec nisi vulputate nonummy. Maecenas tincidunt lacus at velit. Vivamus vel nulla eget eros elementum pellentesque.",
          "listing_date": "12/22/2022",
          "property_name": "Beatty-Heaney",
          "property_image":"https://static.99acres.com/universalhp/img/d_hp_property_type_90.webp"

        }
    ]
}
}